timestamp,event
2025-12-08T16:18:32.901111,EYE_CLOSED
2025-12-08T16:18:33.119955,EYE_CLOSED
2025-12-08T16:18:33.196827,EYE_OPEN
2025-12-08T16:18:33.271610,EYE_CLOSED
2025-12-08T16:18:33.350899,EYE_CLOSED
2025-12-08T16:18:33.425264,EYE_CLOSED
2025-12-08T16:18:33.496367,EYE_OPEN
2025-12-08T16:18:33.577025,EYE_CLOSED
2025-12-08T16:18:33.656413,EYE_OPEN
2025-12-08T16:18:33.728230,EYE_CLOSED
2025-12-08T16:18:33.804332,EYE_CLOSED
2025-12-08T16:18:33.881618,EYE_CLOSED
2025-12-08T16:18:33.962840,EYE_CLOSED
2025-12-08T16:18:34.034698,EYE_CLOSED
2025-12-08T16:18:34.113339,EYE_OPEN
2025-12-08T16:18:34.192431,EYE_CLOSED
2025-12-08T16:18:34.268411,EYE_CLOSED
2025-12-08T16:18:34.342213,EYE_OPEN
2025-12-08T16:18:34.421876,EYE_CLOSED
2025-12-08T16:18:34.503586,EYE_CLOSED
2025-12-08T16:18:34.582056,EYE_CLOSED
2025-12-08T16:18:34.653779,EYE_CLOSED
2025-12-08T16:18:34.728738,EYE_CLOSED
2025-12-08T16:18:34.811158,EYE_CLOSED
2025-12-08T16:18:34.883042,EYE_CLOSED
2025-12-08T16:18:34.958524,EYE_CLOSED
2025-12-08T16:18:35.035736,EYE_CLOSED
2025-12-08T16:18:35.110051,EYE_CLOSED
2025-12-08T16:18:35.186646,EYE_CLOSED
2025-12-08T16:18:35.268562,EYE_CLOSED
2025-12-08T16:18:35.343821,EYE_CLOSED
2025-12-08T16:18:35.417743,EYE_CLOSED
2025-12-08T16:18:35.499047,EYE_CLOSED
2025-12-08T16:18:35.577459,EYE_CLOSED
2025-12-08T16:18:35.662268,EYE_OPEN
2025-12-08T16:18:35.738154,EYE_CLOSED
2025-12-08T16:18:35.817453,EYE_CLOSED
2025-12-08T16:18:35.892810,EYE_CLOSED
2025-12-08T16:18:35.973313,EYE_CLOSED
2025-12-08T16:18:36.045211,EYE_CLOSED
2025-12-08T16:18:36.121658,EYE_OPEN
2025-12-08T16:18:36.202263,EYE_CLOSED
2025-12-08T16:18:36.276229,EYE_CLOSED
2025-12-08T16:18:36.353322,EYE_CLOSED
2025-12-08T16:18:36.431939,EYE_OPEN
2025-12-08T16:18:36.505135,EYE_OPEN
2025-12-08T16:18:36.581032,EYE_OPEN
2025-12-08T16:18:36.678596,EYE_OPEN
2025-12-08T16:18:36.788910,EYE_OPEN
2025-12-08T16:18:36.875687,EYE_OPEN
2025-12-08T16:18:36.950296,EYE_OPEN
2025-12-08T16:18:36.952924,YAWN_WARNING
2025-12-08T16:18:37.026543,EYE_OPEN
2025-12-08T16:18:37.105887,EYE_OPEN
2025-12-08T16:18:37.108665,YAWN_WARNING
2025-12-08T16:18:37.178375,EYE_OPEN
2025-12-08T16:18:37.181121,YAWN_WARNING
2025-12-08T16:18:37.260653,EYE_OPEN
2025-12-08T16:18:37.262408,YAWN_WARNING
2025-12-08T16:18:37.336965,EYE_OPEN
2025-12-08T16:18:37.339522,YAWN_WARNING
2025-12-08T16:18:37.415940,EYE_OPEN
2025-12-08T16:18:37.417967,YAWN_WARNING
2025-12-08T16:18:37.492307,EYE_OPEN
2025-12-08T16:18:37.495028,YAWN_WARNING
2025-12-08T16:18:37.569992,EYE_OPEN
2025-12-08T16:18:37.573004,YAWN_WARNING
2025-12-08T16:18:37.647020,EYE_OPEN
2025-12-08T16:18:37.649816,YAWN_WARNING
2025-12-08T16:18:37.721428,EYE_OPEN
2025-12-08T16:18:37.723935,YAWN_WARNING
2025-12-08T16:18:37.799563,EYE_OPEN
2025-12-08T16:18:37.802078,YAWN_WARNING
2025-12-08T16:18:37.874024,EYE_OPEN
2025-12-08T16:18:37.876766,YAWN_WARNING
2025-12-08T16:18:37.953029,EYE_OPEN
2025-12-08T16:18:37.955649,YAWN_WARNING
2025-12-08T16:18:38.030952,EYE_OPEN
2025-12-08T16:18:38.034363,YAWN_WARNING
2025-12-08T16:18:38.110102,EYE_OPEN
2025-12-08T16:18:38.113445,YAWN_WARNING
2025-12-08T16:18:38.184578,EYE_OPEN
2025-12-08T16:18:38.187302,YAWN_WARNING
2025-12-08T16:18:38.418961,EYE_OPEN
2025-12-08T16:18:38.421388,YAWN_WARNING
2025-12-08T16:18:38.494202,EYE_CLOSED
2025-12-08T16:18:38.496777,YAWN_WARNING
2025-12-08T16:18:38.571229,EYE_OPEN
2025-12-08T16:18:38.573833,YAWN_WARNING
2025-12-08T16:18:38.660426,EYE_CLOSED
2025-12-08T16:18:38.663016,YAWN_WARNING
2025-12-08T16:18:38.741854,EYE_CLOSED
2025-12-08T16:18:38.744597,YAWN_WARNING
2025-12-08T16:18:38.831237,EYE_CLOSED
2025-12-08T16:18:38.833967,YAWN_WARNING
2025-12-08T16:18:38.922445,EYE_CLOSED
2025-12-08T16:18:39.000475,EYE_OPEN
2025-12-08T16:18:39.074586,EYE_OPEN
2025-12-08T16:18:39.151034,EYE_OPEN
2025-12-08T16:18:39.223056,EYE_CLOSED
2025-12-08T16:18:39.305555,EYE_OPEN
2025-12-08T16:18:39.378861,EYE_OPEN
2025-12-08T16:18:39.454282,EYE_OPEN
2025-12-08T16:18:39.528926,EYE_OPEN
2025-12-08T16:18:39.613357,EYE_OPEN
2025-12-08T16:18:39.687795,EYE_OPEN
2025-12-08T16:18:39.762997,EYE_OPEN
2025-12-08T16:18:39.843917,EYE_OPEN
2025-12-08T16:18:39.915748,EYE_OPEN
2025-12-08T16:18:39.995096,EYE_OPEN
2025-12-08T16:18:40.068737,EYE_OPEN
2025-12-08T16:18:40.148056,EYE_OPEN
2025-12-08T16:18:40.223922,EYE_OPEN
2025-12-08T16:18:40.303402,EYE_OPEN
2025-12-08T16:18:40.378014,EYE_OPEN
2025-12-08T16:18:40.456170,EYE_OPEN
2025-12-08T16:18:40.528713,EYE_OPEN
2025-12-08T16:18:40.605199,EYE_OPEN
2025-12-08T16:18:40.684025,EYE_OPEN
2025-12-08T16:18:40.759155,EYE_OPEN
2025-12-08T16:18:40.839883,EYE_CLOSED
2025-12-08T16:18:40.913163,EYE_CLOSED
2025-12-08T16:18:40.991496,EYE_OPEN
2025-12-08T16:18:41.067404,EYE_OPEN
2025-12-08T16:18:41.145269,EYE_OPEN
2025-12-08T16:18:41.281370,EYE_CLOSED
2025-12-08T16:18:41.361385,EYE_OPEN
2025-12-08T16:18:41.439149,EYE_OPEN
2025-12-08T16:18:41.512988,EYE_CLOSED
2025-12-08T16:18:41.591013,EYE_CLOSED
2025-12-08T16:18:41.673858,EYE_OPEN
2025-12-08T16:18:41.744781,EYE_OPEN
2025-12-08T16:18:41.818349,EYE_OPEN
2025-12-08T16:18:41.895919,EYE_OPEN
2025-12-08T16:18:41.972612,EYE_OPEN
2025-12-08T16:18:42.052416,EYE_OPEN
2025-12-08T16:18:42.124590,EYE_OPEN
2025-12-08T16:18:42.204726,EYE_CLOSED
2025-12-08T16:18:42.278418,EYE_OPEN
2025-12-08T16:18:42.354679,EYE_CLOSED
2025-12-08T16:18:42.432467,EYE_CLOSED
2025-12-08T16:18:42.505750,EYE_OPEN
2025-12-08T16:18:42.581161,EYE_CLOSED
2025-12-08T16:18:42.658172,EYE_CLOSED
2025-12-08T16:18:42.734470,EYE_CLOSED
2025-12-08T16:18:42.811003,EYE_CLOSED
2025-12-08T16:18:42.890508,EYE_CLOSED
2025-12-08T16:18:42.966717,EYE_CLOSED
2025-12-08T16:18:43.045036,EYE_CLOSED
2025-12-08T16:18:43.122508,EYE_CLOSED
2025-12-08T16:18:43.202404,EYE_CLOSED
2025-12-08T16:18:43.285458,EYE_CLOSED
2025-12-08T16:18:43.376174,EYE_CLOSED
2025-12-08T16:18:43.447233,EYE_CLOSED
2025-12-08T17:34:12.991244,EYE_CLOSED
2025-12-08T17:34:14.644331,EYE_CLOSED
2025-12-08T17:34:14.792191,EYE_OPEN
2025-12-08T17:34:14.935342,EYE_CLOSED
2025-12-08T17:34:15.086939,EYE_OPEN
2025-12-08T17:34:15.154278,EYE_OPEN
2025-12-08T17:34:15.233172,EYE_CLOSED
2025-12-08T17:34:15.313116,EYE_CLOSED
2025-12-08T17:34:15.388659,EYE_CLOSED
2025-12-08T17:34:15.464938,EYE_CLOSED
2025-12-08T17:34:15.540894,EYE_OPEN
2025-12-08T17:34:15.619906,EYE_OPEN
2025-12-08T17:34:15.692146,EYE_OPEN
2025-12-08T17:34:15.768254,EYE_CLOSED
2025-12-08T17:34:15.848161,EYE_CLOSED
2025-12-08T17:34:15.925316,EYE_CLOSED
2025-12-08T17:34:15.999705,EYE_CLOSED
2025-12-08T17:34:16.078697,EYE_OPEN
2025-12-08T17:34:16.154521,EYE_CLOSED
2025-12-08T17:34:16.233452,EYE_CLOSED
2025-12-08T17:34:16.307643,EYE_CLOSED
2025-12-08T17:34:16.381797,EYE_CLOSED
2025-12-08T17:34:16.460187,EYE_CLOSED
2025-12-08T17:34:16.538193,EYE_CLOSED
2025-12-08T17:34:16.615131,EYE_CLOSED
2025-12-08T17:34:16.689428,EYE_CLOSED
2025-12-08T17:34:16.769891,EYE_CLOSED
2025-12-08T17:34:16.843422,EYE_CLOSED
2025-12-08T17:34:16.922848,EYE_CLOSED
2025-12-08T17:34:16.997717,EYE_CLOSED
2025-12-08T17:34:17.077802,EYE_CLOSED
2025-12-08T17:34:17.152260,EYE_CLOSED
2025-12-08T17:34:17.231615,EYE_CLOSED
2025-12-08T17:34:17.307928,EYE_CLOSED
2025-12-08T17:34:17.383801,EYE_CLOSED
2025-12-08T17:34:17.461998,EYE_CLOSED
2025-12-08T17:34:17.538944,EYE_CLOSED
2025-12-08T17:34:17.618320,EYE_CLOSED
2025-12-08T17:34:17.695014,EYE_CLOSED
2025-12-08T17:34:17.784516,EYE_CLOSED
2025-12-08T17:34:17.861435,EYE_CLOSED
2025-12-08T17:34:17.938330,EYE_CLOSED
2025-12-08T17:34:18.014686,EYE_CLOSED
2025-12-08T17:34:18.090996,EYE_CLOSED
2025-12-08T17:34:18.168359,EYE_CLOSED
2025-12-08T17:34:18.246090,EYE_CLOSED
2025-12-08T17:34:18.322257,EYE_CLOSED
2025-12-08T17:34:18.397844,EYE_CLOSED
2025-12-08T17:34:18.474796,EYE_CLOSED
2025-12-08T17:34:18.551141,EYE_CLOSED
2025-12-08T17:34:18.629282,EYE_CLOSED
2025-12-08T17:34:18.631734,YAWN_WARNING
2025-12-08T17:34:18.707704,EYE_CLOSED
2025-12-08T17:34:18.785643,EYE_CLOSED
2025-12-08T17:34:18.787031,YAWN_WARNING
2025-12-08T17:34:18.858826,EYE_CLOSED
2025-12-08T17:34:18.937576,EYE_CLOSED
2025-12-08T17:34:19.018373,EYE_CLOSED
2025-12-08T17:34:19.090217,EYE_CLOSED
2025-12-08T17:34:19.168412,EYE_CLOSED
2025-12-08T17:34:19.245560,EYE_CLOSED
2025-12-08T17:34:19.322062,EYE_CLOSED
2025-12-08T17:34:19.400140,EYE_CLOSED
2025-12-08T17:34:19.474451,EYE_CLOSED
2025-12-08T17:34:19.549690,EYE_CLOSED
2025-12-08T17:34:19.629570,EYE_CLOSED
2025-12-08T17:34:19.704030,EYE_CLOSED
2025-12-08T17:34:19.782700,EYE_CLOSED
2025-12-08T17:34:19.861529,EYE_CLOSED
2025-12-08T17:34:19.939874,EYE_CLOSED
2025-12-08T17:34:20.015084,EYE_CLOSED
2025-12-08T17:34:20.090502,EYE_CLOSED
2025-12-08T17:34:20.338768,EYE_CLOSED
2025-12-08T17:34:20.420620,EYE_CLOSED
2025-12-08T17:34:20.499895,EYE_CLOSED
2025-12-08T17:34:20.588004,EYE_CLOSED
2025-12-08T17:34:20.666739,EYE_CLOSED
2025-12-08T17:34:20.741020,EYE_CLOSED
2025-12-08T17:34:20.816624,EYE_CLOSED
2025-12-08T17:34:20.895414,EYE_CLOSED
2025-12-08T17:34:20.974747,EYE_CLOSED
2025-12-08T17:34:21.048255,EYE_CLOSED
2025-12-08T17:34:21.126046,EYE_CLOSED
2025-12-08T17:34:21.204865,EYE_CLOSED
2025-12-08T17:34:21.275032,EYE_CLOSED
2025-12-08T17:34:21.358157,EYE_CLOSED
2025-12-08T17:34:21.434438,EYE_CLOSED
2025-12-08T17:34:21.510853,EYE_CLOSED
2025-12-08T17:34:21.590921,EYE_CLOSED
2025-12-08T17:34:21.666880,EYE_CLOSED
2025-12-08T17:34:21.740597,EYE_CLOSED
2025-12-08T17:34:21.816388,EYE_CLOSED
2025-12-08T17:34:21.893212,EYE_CLOSED
2025-12-08T17:34:21.969140,EYE_CLOSED
2025-12-08T17:34:22.049531,EYE_CLOSED
2025-12-08T17:34:22.124194,EYE_CLOSED
2025-12-08T17:34:22.199082,EYE_CLOSED
2025-12-08T17:34:22.277290,EYE_CLOSED
2025-12-08T17:34:22.355152,EYE_CLOSED
2025-12-08T17:34:22.429439,EYE_CLOSED
2025-12-08T17:34:22.506645,EYE_CLOSED
2025-12-08T17:34:22.583957,EYE_CLOSED
2025-12-08T17:34:22.667143,EYE_CLOSED
2025-12-08T17:34:22.740466,EYE_CLOSED
2025-12-08T17:34:22.813810,EYE_CLOSED
2025-12-08T17:34:22.893116,EYE_CLOSED
2025-12-08T17:34:22.969619,EYE_CLOSED
2025-12-08T17:34:23.044936,EYE_CLOSED
2025-12-08T17:34:23.122059,EYE_CLOSED
2025-12-08T17:34:23.204698,EYE_CLOSED
2025-12-08T17:34:23.300995,EYE_CLOSED
2025-12-08T17:34:23.387084,EYE_CLOSED
2025-12-08T17:34:23.465192,EYE_CLOSED
2025-12-08T17:34:23.539310,EYE_CLOSED
2025-12-08T17:34:23.615776,EYE_CLOSED
2025-12-08T17:34:23.691824,EYE_CLOSED
2025-12-08T17:34:23.770306,EYE_CLOSED
2025-12-08T17:34:23.844184,EYE_CLOSED
2025-12-08T17:34:23.923682,EYE_CLOSED
2025-12-08T17:34:23.999273,EYE_CLOSED
2025-12-08T17:34:24.076462,EYE_CLOSED
2025-12-08T17:34:24.151873,EYE_CLOSED
2025-12-08T17:34:24.228183,EYE_CLOSED
2025-12-08T17:34:24.305740,EYE_CLOSED
2025-12-08T17:34:24.389327,EYE_CLOSED
2025-12-08T17:34:24.473698,EYE_CLOSED
2025-12-08T17:34:24.550169,EYE_CLOSED
2025-12-08T17:34:24.629054,EYE_CLOSED
2025-12-08T17:34:24.706266,EYE_CLOSED
2025-12-08T17:34:24.784138,EYE_CLOSED
2025-12-08T17:34:24.866388,EYE_CLOSED
2025-12-08T17:34:24.952841,EYE_CLOSED
2025-12-08T17:34:25.027680,EYE_CLOSED
2025-12-08T17:34:25.103722,EYE_CLOSED
2025-12-08T17:34:25.180222,EYE_CLOSED
2025-12-08T17:34:25.258646,EYE_CLOSED
2025-12-08T17:34:25.334084,EYE_CLOSED
2025-12-08T17:34:25.409199,EYE_CLOSED
2025-12-08T17:34:25.485651,EYE_CLOSED
2025-12-08T17:34:25.563619,EYE_CLOSED
2025-12-08T17:34:25.641344,EYE_CLOSED
2025-12-08T17:34:25.717064,EYE_CLOSED
2025-12-08T17:34:25.796844,EYE_CLOSED
2025-12-08T17:34:25.874675,EYE_CLOSED
2025-12-08T17:34:25.950222,EYE_CLOSED
2025-12-08T17:34:26.026102,EYE_CLOSED
2025-12-08T17:34:26.102226,EYE_CLOSED
2025-12-08T17:34:26.180877,EYE_CLOSED
2025-12-08T17:34:26.258580,EYE_CLOSED
2025-12-08T17:34:26.337458,EYE_CLOSED
2025-12-08T17:34:26.579492,EYE_CLOSED
2025-12-08T17:34:26.669910,EYE_CLOSED
2025-12-08T17:34:26.766085,EYE_CLOSED
2025-12-08T17:34:26.848138,EYE_CLOSED
2025-12-08T17:34:26.924415,EYE_CLOSED
2025-12-08T17:34:26.998144,EYE_CLOSED
2025-12-08T17:34:27.073380,EYE_CLOSED
2025-12-08T17:34:27.149990,EYE_CLOSED
2025-12-08T17:34:27.233069,EYE_CLOSED
2025-12-08T17:34:27.331618,EYE_CLOSED
2025-12-08T17:34:27.409723,EYE_CLOSED
2025-12-08T17:34:27.479511,EYE_CLOSED
2025-12-08T17:34:27.546477,EYE_CLOSED
2025-12-08T17:34:27.615291,EYE_CLOSED
2025-12-08T17:34:27.689871,EYE_CLOSED
2025-12-08T17:34:27.762368,EYE_CLOSED
2025-12-08T17:34:27.840901,EYE_CLOSED
2025-12-08T17:34:27.907558,EYE_CLOSED
2025-12-08T17:34:27.981662,EYE_CLOSED
2025-12-08T17:34:28.051255,EYE_CLOSED
2025-12-08T17:34:28.118767,EYE_CLOSED
2025-12-08T17:34:28.184550,EYE_CLOSED
2025-12-08T17:34:28.253558,EYE_CLOSED
2025-12-08T17:34:28.318915,EYE_CLOSED
2025-12-08T17:34:28.382110,EYE_CLOSED
2025-12-08T17:34:28.452292,EYE_CLOSED
2025-12-08T17:34:28.516823,EYE_CLOSED
2025-12-08T17:34:28.581518,EYE_CLOSED
2025-12-08T17:34:28.645318,EYE_CLOSED
2025-12-08T17:34:28.717579,EYE_CLOSED
2025-12-08T17:34:28.782781,EYE_CLOSED
2025-12-08T17:34:28.848856,EYE_CLOSED
2025-12-08T17:34:28.923746,EYE_CLOSED
2025-12-08T17:34:28.996555,EYE_CLOSED
2025-12-08T17:34:29.068375,EYE_CLOSED
2025-12-08T17:34:29.136934,EYE_CLOSED
2025-12-08T17:34:29.227432,EYE_CLOSED
2025-12-08T17:34:29.303396,EYE_CLOSED
2025-12-08T17:34:29.383504,EYE_CLOSED
2025-12-08T17:34:29.470972,EYE_CLOSED
2025-12-08T17:34:29.554635,EYE_CLOSED
2025-12-08T17:34:29.624092,EYE_CLOSED
2025-12-08T17:34:29.686352,EYE_CLOSED
2025-12-08T17:34:29.747507,EYE_CLOSED
2025-12-08T17:34:29.810845,EYE_CLOSED
2025-12-08T17:34:29.874279,EYE_CLOSED
2025-12-08T17:34:29.942604,EYE_CLOSED
2025-12-08T17:34:30.009713,EYE_CLOSED
2025-12-08T17:34:30.072424,EYE_CLOSED
2025-12-08T17:34:30.137252,EYE_CLOSED
2025-12-08T17:34:30.204704,EYE_CLOSED
2025-12-08T17:34:30.272392,EYE_CLOSED
2025-12-08T17:34:30.336466,EYE_CLOSED
2025-12-08T17:34:30.401160,EYE_CLOSED
2025-12-08T17:34:30.468105,EYE_CLOSED
2025-12-08T17:34:30.540249,EYE_CLOSED
2025-12-08T17:34:30.604282,EYE_CLOSED
2025-12-08T17:34:30.671742,EYE_CLOSED
2025-12-08T17:34:30.739189,EYE_CLOSED
2025-12-08T17:34:30.803447,EYE_CLOSED
2025-12-08T17:34:30.871595,EYE_CLOSED
2025-12-08T17:34:30.937479,EYE_CLOSED
2025-12-08T17:34:31.003642,EYE_CLOSED
2025-12-08T17:34:31.067641,EYE_CLOSED
2025-12-08T17:34:31.137551,EYE_CLOSED
2025-12-08T17:34:31.207367,EYE_CLOSED
2025-12-08T17:34:31.273273,EYE_CLOSED
2025-12-08T17:34:31.335888,EYE_CLOSED
2025-12-08T17:34:31.400942,EYE_CLOSED
2025-12-08T17:34:31.466316,EYE_CLOSED
2025-12-08T17:34:31.533065,EYE_CLOSED
2025-12-08T17:34:31.599085,EYE_CLOSED
2025-12-08T17:34:31.671178,EYE_CLOSED
2025-12-08T17:34:31.751761,EYE_CLOSED
2025-12-08T17:34:31.823784,EYE_CLOSED
2025-12-08T17:34:31.887515,EYE_CLOSED
2025-12-08T17:34:31.953080,EYE_CLOSED
2025-12-08T17:34:32.203554,EYE_OPEN
2025-12-08T17:34:32.264703,EYE_CLOSED
2025-12-08T17:34:32.331956,EYE_CLOSED
2025-12-08T17:34:32.466743,EYE_CLOSED
2025-12-08T17:34:32.534234,EYE_CLOSED
2025-12-08T17:34:32.599013,EYE_CLOSED
2025-12-08T17:34:32.664560,EYE_CLOSED
2025-12-08T17:34:32.732723,EYE_CLOSED
2025-12-08T17:34:32.801376,EYE_CLOSED
2025-12-08T17:34:32.871164,EYE_CLOSED
2025-12-08T17:34:32.953959,EYE_CLOSED
2025-12-08T17:34:33.025765,EYE_CLOSED
2025-12-08T17:34:33.098155,EYE_CLOSED
2025-12-08T17:34:33.170861,EYE_CLOSED
2025-12-08T17:34:33.256612,EYE_CLOSED
2025-12-08T17:34:33.331454,EYE_CLOSED
2025-12-08T17:34:33.400146,EYE_CLOSED
2025-12-08T17:34:33.468628,EYE_CLOSED
2025-12-08T17:34:33.540937,EYE_CLOSED
2025-12-08T17:34:33.608763,EYE_CLOSED
2025-12-08T17:34:33.681988,EYE_CLOSED
2025-12-08T17:34:33.751023,EYE_CLOSED
2025-12-08T17:34:33.822384,EYE_CLOSED
2025-12-08T17:34:33.893511,EYE_CLOSED
2025-12-08T17:34:33.968827,EYE_CLOSED
2025-12-08T17:34:34.038566,EYE_CLOSED
2025-12-08T17:34:34.105519,EYE_CLOSED
2025-12-08T17:34:34.168746,EYE_CLOSED
2025-12-08T17:34:34.230709,EYE_CLOSED
2025-12-08T17:34:34.300513,EYE_CLOSED
2025-12-08T17:34:34.369142,EYE_CLOSED
2025-12-08T17:34:34.434270,EYE_CLOSED
2025-12-08T17:34:34.499715,EYE_CLOSED
2025-12-08T17:34:34.567339,EYE_CLOSED
2025-12-08T17:34:34.631165,EYE_CLOSED
2025-12-08T17:34:34.694233,EYE_CLOSED
2025-12-08T17:34:34.756296,EYE_CLOSED
2025-12-08T17:34:34.823824,EYE_CLOSED
2025-12-08T17:34:34.890320,EYE_CLOSED
2025-12-08T17:34:34.955187,EYE_CLOSED
2025-12-08T17:34:35.028655,EYE_CLOSED
2025-12-08T17:34:35.092021,EYE_CLOSED
2025-12-08T17:34:35.157624,EYE_CLOSED
2025-12-08T17:34:35.223701,EYE_CLOSED
2025-12-08T17:34:35.289749,EYE_CLOSED
2025-12-08T17:34:35.359094,EYE_CLOSED
2025-12-08T17:34:35.421986,EYE_CLOSED
2025-12-08T17:34:35.485087,EYE_CLOSED
2025-12-08T17:34:35.553472,EYE_CLOSED
2025-12-08T17:34:35.618131,EYE_CLOSED
2025-12-08T17:34:35.681705,EYE_CLOSED
2025-12-08T17:34:35.748449,EYE_CLOSED
2025-12-08T17:34:35.813121,EYE_CLOSED
2025-12-08T17:34:35.875271,EYE_CLOSED
2025-12-08T17:34:35.939907,EYE_CLOSED
2025-12-08T17:34:36.006384,EYE_CLOSED
2025-12-08T17:34:36.075473,EYE_CLOSED
2025-12-08T17:34:36.152615,EYE_CLOSED
2025-12-08T17:34:36.220473,EYE_CLOSED
2025-12-08T17:34:36.289921,EYE_CLOSED
2025-12-08T17:34:36.357872,EYE_CLOSED
2025-12-08T17:34:36.421746,EYE_CLOSED
2025-12-08T17:34:36.487745,EYE_CLOSED
2025-12-08T17:34:36.553725,EYE_CLOSED
2025-12-08T17:34:36.620545,EYE_CLOSED
2025-12-08T17:34:36.686177,EYE_CLOSED
2025-12-08T17:34:36.753983,EYE_CLOSED
2025-12-08T17:34:36.819036,EYE_CLOSED
2025-12-08T17:34:36.894722,EYE_CLOSED
2025-12-08T17:34:36.967937,EYE_CLOSED
2025-12-08T17:34:37.035148,EYE_CLOSED
2025-12-08T17:34:37.101601,EYE_CLOSED
2025-12-08T17:34:37.166705,EYE_CLOSED
2025-12-08T17:34:37.233714,EYE_CLOSED
2025-12-08T17:34:37.298936,EYE_CLOSED
2025-12-08T17:34:37.366499,EYE_CLOSED
2025-12-08T17:34:37.431266,EYE_CLOSED
2025-12-08T17:34:37.696119,EYE_CLOSED
2025-12-08T17:34:37.757260,EYE_CLOSED
2025-12-08T17:34:37.819513,EYE_CLOSED
2025-12-08T17:34:37.881618,EYE_CLOSED
2025-12-08T17:34:37.948658,EYE_CLOSED
2025-12-08T17:34:38.009354,EYE_CLOSED
2025-12-08T17:34:38.072629,EYE_CLOSED
2025-12-08T17:34:38.135886,EYE_CLOSED
2025-12-08T17:34:38.199114,EYE_CLOSED
2025-12-08T17:34:38.276459,EYE_CLOSED
2025-12-08T17:34:38.355495,EYE_CLOSED
2025-12-08T17:34:38.426338,EYE_CLOSED
2025-12-08T17:34:38.486364,EYE_CLOSED
2025-12-08T17:34:38.550347,EYE_CLOSED
2025-12-08T17:34:38.616323,EYE_CLOSED
2025-12-08T17:34:38.683932,EYE_CLOSED
2025-12-08T17:34:38.752045,EYE_CLOSED
2025-12-08T17:34:38.819183,EYE_CLOSED
2025-12-08T17:34:38.883003,EYE_CLOSED
2025-12-08T17:34:38.953478,EYE_CLOSED
2025-12-08T17:34:39.018319,EYE_CLOSED
2025-12-08T17:34:39.085675,EYE_CLOSED
2025-12-08T17:34:39.153655,EYE_CLOSED
2025-12-08T17:34:39.221579,EYE_CLOSED
2025-12-08T17:34:39.289430,EYE_CLOSED
2025-12-08T17:34:39.359738,EYE_CLOSED
2025-12-08T17:34:39.429662,EYE_CLOSED
2025-12-08T17:34:39.496158,EYE_CLOSED
2025-12-08T17:34:39.562742,EYE_CLOSED
2025-12-08T17:34:39.634459,EYE_CLOSED
2025-12-08T17:34:39.706950,EYE_CLOSED
2025-12-08T17:34:39.774372,EYE_CLOSED
2025-12-08T17:34:39.840668,EYE_CLOSED
2025-12-08T17:34:39.906922,EYE_CLOSED
2025-12-08T17:34:39.971001,EYE_CLOSED
2025-12-08T17:34:40.035009,EYE_CLOSED
2025-12-08T17:34:40.098972,EYE_CLOSED
2025-12-08T17:34:40.164479,EYE_CLOSED
2025-12-08T17:34:40.229331,EYE_CLOSED
2025-12-08T17:34:40.293936,EYE_CLOSED
2025-12-08T17:34:40.358010,EYE_CLOSED
2025-12-08T17:34:40.423602,EYE_CLOSED
2025-12-08T17:34:40.493748,EYE_CLOSED
2025-12-08T17:34:40.566933,EYE_CLOSED
2025-12-08T17:34:40.646854,EYE_CLOSED
2025-12-08T17:34:40.716963,EYE_CLOSED
2025-12-08T17:34:40.786624,EYE_CLOSED
2025-12-08T17:34:40.853252,EYE_CLOSED
2025-12-08T17:34:40.923919,EYE_CLOSED
2025-12-08T17:34:40.988488,EYE_CLOSED
2025-12-08T17:34:41.052165,EYE_CLOSED
2025-12-08T17:34:41.175695,EYE_CLOSED
2025-12-08T17:34:41.242733,EYE_CLOSED
2025-12-08T17:34:41.363076,EYE_CLOSED
2025-12-08T17:34:41.429598,EYE_CLOSED
2025-12-08T17:34:41.497097,EYE_CLOSED
2025-12-08T17:34:41.562801,EYE_CLOSED
2025-12-08T17:34:41.628452,EYE_CLOSED
2025-12-08T17:34:41.696361,EYE_CLOSED
2025-12-08T17:34:41.767352,EYE_CLOSED
2025-12-08T17:34:41.835092,EYE_CLOSED
2025-12-08T17:34:41.903398,EYE_CLOSED
2025-12-08T17:34:41.969533,EYE_CLOSED
2025-12-08T17:34:42.048551,EYE_CLOSED
2025-12-08T17:34:42.122377,EYE_CLOSED
2025-12-08T17:34:42.186498,EYE_CLOSED
2025-12-08T17:34:42.259098,EYE_CLOSED
2025-12-08T17:34:42.324814,EYE_CLOSED
2025-12-08T17:34:42.394486,EYE_CLOSED
2025-12-08T17:34:42.459572,EYE_CLOSED
2025-12-08T17:34:42.526659,EYE_CLOSED
2025-12-08T17:34:42.593604,EYE_CLOSED
2025-12-08T17:34:42.662463,EYE_CLOSED
2025-12-08T17:34:42.730131,EYE_CLOSED
2025-12-08T17:34:42.801307,EYE_CLOSED
2025-12-08T17:34:42.869447,EYE_CLOSED
2025-12-08T17:34:42.935513,EYE_CLOSED
2025-12-08T17:34:43.001557,EYE_CLOSED
2025-12-08T17:34:43.215568,EYE_CLOSED
2025-12-08T17:34:43.280841,EYE_CLOSED
2025-12-08T17:34:43.345536,EYE_CLOSED
2025-12-08T17:34:43.412279,EYE_CLOSED
2025-12-08T17:34:43.478087,EYE_CLOSED
2025-12-08T17:34:43.544334,EYE_CLOSED
2025-12-08T17:34:43.609871,EYE_CLOSED
2025-12-08T17:34:43.675305,EYE_CLOSED
2025-12-08T17:34:43.742256,EYE_CLOSED
2025-12-08T17:34:43.808918,EYE_CLOSED
2025-12-08T17:34:43.872746,EYE_CLOSED
2025-12-08T17:34:43.947188,EYE_CLOSED
2025-12-08T17:34:44.013316,EYE_CLOSED
2025-12-08T17:34:44.077017,EYE_CLOSED
2025-12-08T17:34:44.142852,EYE_CLOSED
2025-12-08T17:34:44.208285,EYE_CLOSED
2025-12-08T17:34:44.272760,EYE_CLOSED
2025-12-08T17:34:44.338468,EYE_CLOSED
2025-12-08T17:34:44.404552,EYE_CLOSED
2025-12-08T17:34:44.469247,EYE_CLOSED
2025-12-08T17:34:44.532992,EYE_CLOSED
2025-12-08T17:34:44.599705,EYE_CLOSED
2025-12-08T17:34:44.666188,EYE_CLOSED
2025-12-08T17:34:44.729058,EYE_CLOSED
2025-12-08T17:34:44.792179,EYE_CLOSED
2025-12-08T17:34:44.860872,EYE_CLOSED
2025-12-08T17:34:44.927548,EYE_CLOSED
2025-12-08T17:34:44.992871,EYE_CLOSED
2025-12-08T17:34:45.058405,EYE_CLOSED
2025-12-08T17:34:45.125529,EYE_CLOSED
2025-12-08T17:34:45.189997,EYE_CLOSED
2025-12-08T17:34:45.257817,EYE_CLOSED
2025-12-08T17:34:45.328640,EYE_CLOSED
2025-12-08T17:34:45.403397,EYE_CLOSED
2025-12-08T17:34:45.468597,EYE_CLOSED
2025-12-08T17:34:45.531930,EYE_CLOSED
2025-12-08T17:34:45.596441,EYE_CLOSED
2025-12-08T17:34:45.660089,EYE_CLOSED
2025-12-08T17:34:45.726014,EYE_CLOSED
2025-12-08T17:34:45.790338,EYE_CLOSED
2025-12-08T17:34:45.857192,EYE_CLOSED
2025-12-08T17:34:45.924685,EYE_CLOSED
2025-12-08T17:34:45.989899,EYE_CLOSED
2025-12-08T17:34:46.055556,EYE_CLOSED
2025-12-08T17:34:46.120679,EYE_CLOSED
2025-12-08T17:34:46.184745,EYE_CLOSED
2025-12-08T17:34:46.248402,EYE_CLOSED
2025-12-08T17:34:46.314758,EYE_CLOSED
2025-12-08T17:34:46.380086,EYE_CLOSED
2025-12-08T17:34:46.445647,EYE_CLOSED
2025-12-08T17:34:46.509711,EYE_CLOSED
2025-12-08T17:34:46.577674,EYE_CLOSED
2025-12-08T17:34:46.641370,EYE_CLOSED
2025-12-08T17:34:46.707754,EYE_CLOSED
2025-12-08T17:34:46.774980,EYE_CLOSED
2025-12-08T17:34:46.841512,EYE_CLOSED
2025-12-08T17:34:46.906326,EYE_CLOSED
2025-12-08T17:34:46.971695,EYE_CLOSED
2025-12-08T17:34:47.043922,EYE_CLOSED
2025-12-08T17:34:47.115281,EYE_CLOSED
2025-12-08T17:34:47.181647,EYE_CLOSED
2025-12-08T17:34:47.245109,EYE_CLOSED
2025-12-08T17:34:47.314067,EYE_CLOSED
2025-12-08T17:34:47.376973,EYE_CLOSED
2025-12-08T17:34:47.440651,EYE_CLOSED
2025-12-08T17:34:47.506596,EYE_CLOSED
2025-12-08T17:34:47.571036,EYE_CLOSED
2025-12-08T17:34:47.633584,EYE_CLOSED
2025-12-08T17:34:47.698280,EYE_CLOSED
2025-12-08T17:34:47.761853,EYE_CLOSED
2025-12-08T17:34:47.825446,EYE_CLOSED
2025-12-08T17:34:47.890277,EYE_CLOSED
2025-12-08T17:34:47.952433,EYE_CLOSED
2025-12-08T17:34:48.016220,EYE_CLOSED
2025-12-08T17:34:48.078324,EYE_CLOSED
2025-12-08T17:34:48.141765,EYE_CLOSED
2025-12-08T17:34:48.203737,EYE_CLOSED
2025-12-08T17:34:48.417351,EYE_CLOSED
2025-12-08T17:34:48.478125,EYE_CLOSED
2025-12-08T17:34:48.543314,EYE_CLOSED
2025-12-08T17:34:48.605411,EYE_CLOSED
2025-12-08T17:34:48.668848,EYE_CLOSED
2025-12-08T17:34:48.731739,EYE_CLOSED
2025-12-08T17:34:48.793947,EYE_CLOSED
2025-12-08T17:34:48.859065,EYE_CLOSED
2025-12-08T17:34:48.925594,EYE_CLOSED
2025-12-08T17:34:48.990117,EYE_CLOSED
2025-12-08T17:34:49.053351,EYE_CLOSED
2025-12-08T17:34:49.117914,EYE_CLOSED
2025-12-08T17:34:49.193223,EYE_CLOSED
2025-12-08T17:34:49.272499,EYE_CLOSED
2025-12-08T17:34:49.340143,EYE_CLOSED
2025-12-08T17:34:49.407140,EYE_CLOSED
2025-12-08T17:34:49.469545,EYE_CLOSED
2025-12-08T17:34:49.530693,EYE_CLOSED
2025-12-08T17:34:49.594622,EYE_CLOSED
2025-12-08T17:34:49.656302,EYE_CLOSED
2025-12-08T17:34:49.720073,EYE_CLOSED
2025-12-08T17:34:49.783431,EYE_CLOSED
2025-12-08T17:34:49.846731,EYE_CLOSED
2025-12-08T17:34:49.910012,EYE_CLOSED
2025-12-08T17:34:49.973161,EYE_CLOSED
2025-12-08T17:34:50.035718,EYE_CLOSED
2025-12-08T17:34:50.101197,EYE_CLOSED
2025-12-08T17:34:50.164487,EYE_CLOSED
2025-12-08T17:34:50.228071,EYE_OPEN
2025-12-08T17:34:50.293941,EYE_CLOSED
2025-12-08T17:34:50.356168,EYE_CLOSED
2025-12-08T17:34:50.417761,EYE_OPEN
2025-12-08T17:34:50.478524,EYE_CLOSED
2025-12-08T17:34:50.541412,EYE_CLOSED
2025-12-08T17:34:50.602836,EYE_CLOSED
2025-12-08T17:34:50.663689,EYE_CLOSED
2025-12-08T17:34:50.727521,EYE_CLOSED
2025-12-08T17:34:50.791297,EYE_CLOSED
2025-12-08T17:34:50.852571,EYE_CLOSED
2025-12-08T17:34:50.913973,EYE_CLOSED
2025-12-08T17:34:50.977087,EYE_OPEN
2025-12-08T17:34:51.036685,EYE_CLOSED
2025-12-08T17:34:51.099125,EYE_CLOSED
2025-12-08T17:34:51.161307,EYE_CLOSED
2025-12-08T17:34:51.224298,EYE_CLOSED
2025-12-08T17:34:51.287979,EYE_CLOSED
2025-12-08T17:34:51.358349,EYE_CLOSED
2025-12-08T17:34:51.436027,EYE_CLOSED
2025-12-08T17:34:51.502864,EYE_CLOSED
2025-12-08T17:34:51.566053,EYE_CLOSED
2025-12-08T17:34:51.626888,EYE_CLOSED
2025-12-08T17:34:51.689609,EYE_CLOSED
2025-12-08T17:34:51.753001,EYE_CLOSED
2025-12-08T17:34:51.814651,EYE_CLOSED
2025-12-08T17:34:51.876692,EYE_CLOSED
2025-12-08T17:34:51.940594,EYE_CLOSED
2025-12-08T17:34:52.003333,EYE_CLOSED
2025-12-08T17:34:52.064852,EYE_CLOSED
2025-12-08T17:34:52.127637,EYE_CLOSED
2025-12-08T17:34:52.190435,EYE_CLOSED
2025-12-08T17:34:52.253761,EYE_CLOSED
2025-12-08T17:34:52.313715,EYE_CLOSED
2025-12-08T17:34:52.377777,EYE_CLOSED
2025-12-08T17:34:52.441680,EYE_CLOSED
2025-12-08T17:34:52.505495,EYE_CLOSED
2025-12-08T17:34:52.564589,EYE_CLOSED
2025-12-08T17:34:52.627851,EYE_CLOSED
2025-12-08T17:34:52.690442,EYE_CLOSED
2025-12-08T17:34:52.752785,EYE_CLOSED
2025-12-08T17:34:52.814939,EYE_CLOSED
2025-12-08T17:34:52.880124,EYE_CLOSED
2025-12-08T17:34:52.941860,EYE_CLOSED
2025-12-08T17:34:53.003366,EYE_CLOSED
2025-12-08T17:34:53.065133,EYE_CLOSED
2025-12-08T17:34:53.127415,EYE_CLOSED
2025-12-08T17:34:53.187885,EYE_CLOSED
2025-12-08T17:34:53.254967,EYE_CLOSED
2025-12-08T17:34:53.472972,EYE_CLOSED
2025-12-08T17:34:53.533667,EYE_CLOSED
2025-12-08T17:34:53.599110,EYE_CLOSED
2025-12-08T17:34:53.662483,EYE_CLOSED
2025-12-08T17:34:53.728016,EYE_CLOSED
2025-12-08T17:34:53.791711,EYE_CLOSED
2025-12-08T17:34:53.852974,EYE_CLOSED
2025-12-08T17:34:53.914334,EYE_CLOSED
2025-12-08T17:34:53.979813,EYE_OPEN
2025-12-08T17:34:54.040418,EYE_CLOSED
2025-12-08T17:34:54.101442,EYE_CLOSED
2025-12-08T17:34:54.163801,EYE_CLOSED
2025-12-08T17:34:54.223444,EYE_CLOSED
2025-12-08T17:34:54.284389,EYE_CLOSED
2025-12-08T17:34:54.353115,EYE_CLOSED
2025-12-08T17:34:54.420696,EYE_CLOSED
2025-12-08T17:34:54.480924,EYE_CLOSED
2025-12-08T17:34:54.541898,EYE_CLOSED
2025-12-08T17:34:54.602866,EYE_OPEN
2025-12-08T17:34:54.665000,EYE_CLOSED
2025-12-08T17:34:54.727272,EYE_CLOSED
2025-12-08T17:34:54.788018,EYE_CLOSED
2025-12-08T17:34:54.851671,EYE_CLOSED
2025-12-08T17:34:54.913308,EYE_CLOSED
2025-12-08T17:34:54.975500,EYE_CLOSED
2025-12-08T17:34:55.035319,EYE_CLOSED
2025-12-08T17:34:55.099288,EYE_CLOSED
2025-12-08T17:34:55.159736,EYE_CLOSED
2025-12-08T17:34:55.220430,EYE_CLOSED
2025-12-08T17:34:55.282188,EYE_CLOSED
2025-12-08T17:34:55.345809,EYE_CLOSED
2025-12-08T17:34:55.406954,EYE_CLOSED
2025-12-08T17:34:55.468456,EYE_CLOSED
2025-12-08T17:34:55.531824,EYE_CLOSED
2025-12-08T17:34:55.595328,EYE_CLOSED
2025-12-08T17:34:55.657756,EYE_CLOSED
2025-12-08T17:34:55.725540,EYE_CLOSED
2025-12-08T17:34:55.798406,EYE_CLOSED
2025-12-08T17:34:55.860149,EYE_CLOSED
2025-12-08T17:34:55.921913,EYE_CLOSED
2025-12-08T17:34:55.982418,EYE_CLOSED
2025-12-08T17:34:56.045209,EYE_CLOSED
2025-12-08T17:34:56.107484,EYE_CLOSED
2025-12-08T17:34:56.170288,EYE_CLOSED
2025-12-08T17:34:56.232749,EYE_CLOSED
2025-12-08T17:34:56.295840,EYE_CLOSED
2025-12-08T17:34:56.361197,EYE_CLOSED
2025-12-08T17:34:56.423212,EYE_CLOSED
2025-12-08T17:34:56.485894,EYE_CLOSED
2025-12-08T17:34:56.546575,EYE_CLOSED
2025-12-08T17:34:56.609567,EYE_CLOSED
2025-12-08T17:34:56.671410,EYE_CLOSED
2025-12-08T17:34:56.734743,EYE_CLOSED
2025-12-08T17:34:56.796609,EYE_CLOSED
2025-12-08T17:34:56.857742,EYE_CLOSED
2025-12-08T17:34:56.924232,EYE_CLOSED
2025-12-08T17:34:56.986804,EYE_CLOSED
2025-12-08T17:34:57.048113,EYE_CLOSED
2025-12-08T17:34:57.111976,EYE_CLOSED
2025-12-08T17:34:57.175153,EYE_CLOSED
2025-12-08T17:34:57.237942,EYE_CLOSED
2025-12-08T17:34:57.299156,EYE_CLOSED
2025-12-08T17:34:57.361863,EYE_CLOSED
2025-12-08T17:34:57.424610,EYE_CLOSED
2025-12-08T17:34:57.488007,EYE_CLOSED
2025-12-08T17:34:57.552120,EYE_CLOSED
2025-12-08T17:34:57.614412,EYE_CLOSED
2025-12-08T17:34:57.674586,EYE_CLOSED
2025-12-08T17:34:57.735974,EYE_CLOSED
2025-12-08T17:34:57.795458,EYE_CLOSED
2025-12-08T17:34:57.857124,EYE_CLOSED
2025-12-08T17:34:57.922978,EYE_CLOSED
2025-12-08T17:34:57.988542,EYE_CLOSED
2025-12-08T17:34:58.049521,EYE_CLOSED
2025-12-08T17:34:58.112186,EYE_CLOSED
2025-12-08T17:34:58.173158,EYE_CLOSED
2025-12-08T17:34:58.233372,EYE_CLOSED
2025-12-08T17:34:58.296250,EYE_CLOSED
2025-12-08T17:34:58.515596,EYE_CLOSED
2025-12-08T17:34:58.578990,EYE_CLOSED
2025-12-08T17:34:58.641325,EYE_CLOSED
2025-12-08T17:34:58.715968,EYE_CLOSED
2025-12-08T17:34:58.779512,EYE_CLOSED
2025-12-08T17:34:58.841789,EYE_OPEN
2025-12-08T17:34:58.906124,EYE_CLOSED
2025-12-08T17:34:58.973566,EYE_CLOSED
2025-12-08T17:34:59.037390,EYE_OPEN
2025-12-08T17:34:59.101804,EYE_CLOSED
2025-12-08T17:34:59.167767,EYE_CLOSED
2025-12-08T17:34:59.233324,EYE_OPEN
2025-12-08T17:34:59.296801,EYE_CLOSED
2025-12-08T17:34:59.363617,EYE_CLOSED
2025-12-08T17:34:59.430306,EYE_OPEN
2025-12-08T17:34:59.494943,EYE_OPEN
2025-12-08T17:34:59.560289,EYE_OPEN
2025-12-08T17:34:59.627397,EYE_OPEN
2025-12-08T17:34:59.694150,EYE_CLOSED
2025-12-08T17:34:59.763449,EYE_OPEN
2025-12-08T17:34:59.828949,EYE_OPEN
2025-12-08T17:34:59.891656,EYE_CLOSED
2025-12-08T17:34:59.955904,EYE_OPEN
2025-12-08T17:35:00.023597,EYE_CLOSED
2025-12-08T17:35:00.094135,EYE_OPEN
2025-12-08T17:35:00.164773,EYE_CLOSED
2025-12-08T17:35:00.228922,EYE_CLOSED
2025-12-08T17:35:00.289653,EYE_CLOSED
2025-12-08T17:35:00.350797,EYE_CLOSED
2025-12-08T17:35:00.419627,EYE_CLOSED
2025-12-08T17:35:24.983233,YAWN_WARNING
2025-12-08T17:35:25.034357,YAWN_WARNING
2025-12-08T17:35:25.080008,YAWN_WARNING
2025-12-08T17:35:25.128621,YAWN_WARNING
2025-12-08T17:35:25.172946,YAWN_WARNING
2025-12-08T17:35:25.224048,YAWN_WARNING
2025-12-08T17:35:25.265638,YAWN_WARNING
2025-12-08T17:35:25.309881,YAWN_WARNING
2025-12-08T17:35:25.356189,YAWN_WARNING
2025-12-08T17:35:25.401626,YAWN_WARNING
2025-12-08T17:35:25.448043,YAWN_WARNING
2025-12-08T17:35:25.492183,YAWN_WARNING
2025-12-08T17:35:25.541316,YAWN_WARNING
2025-12-08T17:35:25.585443,YAWN_WARNING
2025-12-08T17:35:25.656707,YAWN_WARNING
2025-12-08T17:35:25.690394,YAWN_WARNING
2025-12-08T17:35:25.736799,YAWN_WARNING
2025-12-08T17:35:25.782921,YAWN_WARNING
2025-12-08T17:35:25.830937,YAWN_WARNING
2025-12-08T17:35:25.875339,YAWN_WARNING
2025-12-08T17:35:25.922711,YAWN_WARNING
2025-12-08T17:35:25.968733,YAWN_WARNING
2025-12-08T17:35:26.012771,YAWN_WARNING
2025-12-08T17:35:26.064992,YAWN_WARNING
2025-12-08T17:35:26.112382,YAWN_WARNING
2025-12-08T17:35:26.150969,YAWN_WARNING
2025-12-08T17:35:26.200217,YAWN_WARNING
2025-12-08T17:35:26.245330,YAWN_WARNING
2025-12-08T17:35:26.292769,YAWN_WARNING
2025-12-08T17:35:26.337577,YAWN_WARNING
2025-12-08T17:35:26.388359,YAWN_WARNING
2025-12-08T17:35:26.433523,YAWN_WARNING
2025-12-08T17:35:26.473356,YAWN_WARNING
2025-12-08T17:35:26.523307,YAWN_WARNING
2025-12-08T17:35:26.567421,YAWN_WARNING
2025-12-08T17:35:26.615894,YAWN_WARNING
2025-12-08T17:35:26.659058,YAWN_WARNING
2025-12-08T17:35:26.707019,YAWN_WARNING
2025-12-08T17:35:26.753997,YAWN_WARNING
2025-12-08T17:35:26.795405,YAWN_WARNING
2025-12-08T17:35:26.846090,YAWN_WARNING
2025-12-08T17:35:28.224445,YAWN_WARNING
2025-12-08T17:35:28.273430,YAWN_WARNING
2025-12-08T17:35:31.011713,YAWN_WARNING
2025-12-08T17:35:31.260399,YAWN_WARNING
2025-12-08T17:35:31.305469,YAWN_WARNING
2025-12-08T17:35:31.353110,YAWN_WARNING
2025-12-08T17:35:31.401195,YAWN_WARNING
2025-12-08T17:35:31.442682,YAWN_WARNING
2025-12-08T17:35:31.488988,YAWN_WARNING
2025-12-08T17:35:31.535080,YAWN_WARNING
2025-12-08T17:35:31.582753,YAWN_WARNING
2025-12-08T17:35:31.633095,YAWN_WARNING
2025-12-08T17:35:31.674810,YAWN_WARNING
2025-12-08T17:35:31.722303,YAWN_WARNING
2025-12-08T17:35:31.769232,YAWN_WARNING
2025-12-08T17:35:31.812551,YAWN_WARNING
2025-12-08T17:35:31.861571,YAWN_WARNING
2025-12-08T17:35:31.909164,YAWN_WARNING
2025-12-08T17:35:31.952873,YAWN_WARNING
2025-12-08T17:35:32.000013,YAWN_WARNING
2025-12-08T17:35:32.044787,YAWN_WARNING
2025-12-08T17:35:32.094410,YAWN_WARNING
2025-12-08T17:35:32.137936,YAWN_WARNING
2025-12-08T17:35:32.185383,YAWN_WARNING
2025-12-08T17:35:32.236868,YAWN_WARNING
2025-12-08T17:35:32.277852,YAWN_WARNING
2025-12-08T17:35:32.326898,YAWN_WARNING
2025-12-08T17:35:32.388482,YAWN_WARNING
2025-12-08T17:35:32.429461,YAWN_WARNING
2025-12-08T17:35:32.475003,YAWN_WARNING
2025-12-08T17:35:32.508101,YAWN_WARNING
2025-12-08T17:35:32.559932,YAWN_WARNING
2025-12-08T17:35:32.600934,YAWN_WARNING
2025-12-08T17:35:32.647095,YAWN_WARNING
2025-12-08T17:35:32.695288,YAWN_WARNING
2025-12-08T17:35:32.742678,YAWN_WARNING
2025-12-08T17:35:32.788021,YAWN_WARNING
2025-12-08T17:35:32.832768,YAWN_WARNING
2025-12-08T17:35:32.890764,YAWN_WARNING
2025-12-08T17:35:32.943418,YAWN_WARNING
2025-12-08T17:35:32.988653,YAWN_WARNING
2025-12-08T17:35:33.047490,YAWN_WARNING
2025-12-08T17:35:33.095310,YAWN_WARNING
2025-12-08T17:35:33.144448,YAWN_WARNING
2025-12-08T17:35:33.186464,YAWN_WARNING
2025-12-08T17:35:33.234456,YAWN_ALARM
2025-12-08T17:35:33.284957,YAWN_ALARM
2025-12-08T17:35:33.326102,YAWN_ALARM
2025-12-08T17:35:33.393864,YAWN_ALARM
2025-12-08T17:35:33.439257,YAWN_ALARM
2025-12-08T17:35:33.487524,YAWN_ALARM
2025-12-08T17:35:33.530535,YAWN_ALARM
2025-12-08T17:35:33.575362,YAWN_ALARM
2025-12-08T17:35:33.620330,YAWN_ALARM
2025-12-08T17:35:33.665884,YAWN_ALARM
2025-12-08T17:35:33.715648,YAWN_ALARM
2025-12-08T17:35:33.760862,YAWN_ALARM
2025-12-08T17:35:33.807657,YAWN_ALARM
2025-12-08T17:35:33.857564,YAWN_ALARM
2025-12-08T17:35:33.899746,YAWN_ALARM
2025-12-08T17:35:33.944406,YAWN_ALARM
2025-12-08T17:35:33.974742,YAWN_ALARM
2025-12-08T17:35:34.042307,YAWN_ALARM
2025-12-08T17:35:34.088442,YAWN_ALARM
2025-12-08T17:35:34.130959,YAWN_ALARM
2025-12-08T17:35:34.177611,YAWN_ALARM
2025-12-08T17:35:34.226661,YAWN_ALARM
2025-12-08T17:35:34.273514,YAWN_ALARM
2025-12-08T17:35:34.316256,YAWN_ALARM
2025-12-08T17:35:34.377287,YAWN_ALARM
2025-12-08T17:35:34.422234,YAWN_ALARM
2025-12-08T17:35:34.471860,YAWN_ALARM
2025-12-08T17:35:34.519244,YAWN_ALARM
2025-12-08T17:35:34.566199,YAWN_ALARM
2025-12-08T17:35:34.607745,YAWN_ALARM
2025-12-08T17:35:34.657623,YAWN_ALARM
2025-12-08T17:35:34.891568,YAWN_ALARM
2025-12-08T17:35:34.930990,YAWN_ALARM
2025-12-08T17:35:34.980813,YAWN_ALARM
2025-12-08T17:35:35.032721,YAWN_ALARM
2025-12-08T17:35:35.073837,YAWN_ALARM
2025-12-08T17:35:35.121497,YAWN_ALARM
2025-12-08T17:35:35.162232,YAWN_ALARM
2025-12-08T17:35:35.212876,YAWN_ALARM
2025-12-08T17:35:35.256311,YAWN_ALARM
2025-12-08T17:35:35.334286,YAWN_ALARM
2025-12-08T17:35:35.382099,YAWN_ALARM
2025-12-08T17:35:35.423011,YAWN_ALARM
2025-12-08T17:35:35.472223,YAWN_ALARM
2025-12-08T17:35:35.520347,YAWN_ALARM
2025-12-08T17:35:35.564266,YAWN_ALARM
2025-12-08T17:35:35.609420,YAWN_ALARM
2025-12-08T17:35:35.665937,YAWN_ALARM
2025-12-08T17:35:35.708483,YAWN_ALARM
2025-12-08T17:35:35.750065,YAWN_ALARM
2025-12-08T17:35:35.794070,YAWN_ALARM
2025-12-08T17:35:35.841411,YAWN_ALARM
2025-12-08T17:35:35.889476,YAWN_ALARM
2025-12-08T17:35:35.935013,YAWN_ALARM
2025-12-08T17:35:35.980286,YAWN_ALARM
2025-12-08T17:35:36.025680,YAWN_ALARM
2025-12-08T17:35:36.068268,YAWN_ALARM
2025-12-08T17:35:36.116227,YAWN_ALARM
2025-12-08T17:35:36.164599,YAWN_ALARM
2025-12-08T17:35:36.212272,YAWN_ALARM
2025-12-08T17:35:36.257279,YAWN_ALARM
2025-12-08T17:35:36.302764,YAWN_ALARM
2025-12-08T17:35:36.348922,YAWN_ALARM
2025-12-08T17:35:36.393994,YAWN_ALARM
2025-12-08T17:35:36.443078,YAWN_ALARM
2025-12-08T17:35:36.490313,YAWN_ALARM
2025-12-08T17:35:36.535849,YAWN_ALARM
2025-12-08T17:35:36.582236,YAWN_ALARM
2025-12-08T17:35:36.627494,YAWN_ALARM
2025-12-08T17:35:36.675883,YAWN_ALARM
2025-12-08T17:35:36.722573,YAWN_ALARM
2025-12-08T17:35:36.767552,YAWN_ALARM
2025-12-08T17:35:36.813245,YAWN_ALARM
2025-12-08T17:35:36.861094,YAWN_ALARM
2025-12-08T17:35:36.907227,YAWN_ALARM
2025-12-08T17:35:36.951347,YAWN_ALARM
2025-12-08T17:35:36.999230,YAWN_ALARM
2025-12-08T17:35:37.046370,YAWN_ALARM
2025-12-08T17:35:37.091573,YAWN_ALARM
2025-12-08T17:35:37.140840,YAWN_ALARM
2025-12-08T17:35:37.189244,YAWN_ALARM
2025-12-08T17:35:37.231268,YAWN_ALARM
2025-12-08T17:35:37.279370,YAWN_ALARM
2025-12-08T17:35:37.326315,YAWN_ALARM
2025-12-08T17:35:37.384935,YAWN_ALARM
2025-12-08T17:35:37.428887,YAWN_ALARM
2025-12-08T17:35:37.461407,YAWN_ALARM
2025-12-08T17:35:37.510115,YAWN_ALARM
2025-12-08T17:35:37.559475,YAWN_ALARM
2025-12-08T17:35:37.604095,YAWN_ALARM
2025-12-08T17:35:37.648893,YAWN_ALARM
2025-12-08T17:35:37.723713,YAWN_ALARM
2025-12-08T17:35:37.771233,YAWN_ALARM
2025-12-08T17:35:37.822574,YAWN_ALARM
2025-12-08T17:35:37.863986,YAWN_ALARM
2025-12-08T17:35:37.912005,YAWN_ALARM
2025-12-08T17:35:37.953896,YAWN_ALARM
2025-12-08T17:35:38.002287,YAWN_ALARM
2025-12-08T17:35:38.054654,YAWN_ALARM
2025-12-08T17:35:38.092858,YAWN_ALARM
2025-12-08T17:35:38.140798,YAWN_ALARM
2025-12-08T17:35:38.186506,YAWN_ALARM
2025-12-08T17:35:38.233667,YAWN_ALARM
2025-12-08T17:35:38.277412,YAWN_ALARM
2025-12-08T17:35:38.327432,YAWN_ALARM
2025-12-08T17:35:38.370856,YAWN_ALARM
2025-12-08T17:35:38.418165,YAWN_ALARM
2025-12-08T17:35:38.465340,YAWN_ALARM
2025-12-08T17:35:38.706372,YAWN_ALARM
2025-12-08T17:35:38.754761,YAWN_ALARM
2025-12-08T17:35:38.799151,YAWN_ALARM
2025-12-08T17:35:38.848348,YAWN_ALARM
2025-12-08T17:35:38.922290,YAWN_ALARM
2025-12-08T17:35:38.970912,YAWN_ALARM
2025-12-08T17:35:39.013131,YAWN_ALARM
2025-12-08T17:35:39.062794,YAWN_ALARM
2025-12-08T17:35:39.108407,YAWN_ALARM
2025-12-08T17:35:39.154744,YAWN_ALARM
2025-12-08T17:35:39.200819,YAWN_ALARM
2025-12-08T17:35:39.247059,YAWN_ALARM
2025-12-08T17:35:39.293830,YAWN_ALARM
2025-12-08T17:35:39.340367,YAWN_ALARM
2025-12-08T17:35:39.389369,YAWN_ALARM
2025-12-08T17:35:39.433306,YAWN_ALARM
2025-12-08T17:35:39.480304,YAWN_ALARM
2025-12-08T17:35:39.521982,YAWN_ALARM
2025-12-08T17:35:39.583965,YAWN_ALARM
2025-12-08T17:35:39.636302,YAWN_ALARM
2025-12-08T17:35:39.678809,YAWN_ALARM
2025-12-08T17:35:39.722674,YAWN_ALARM
2025-12-08T17:35:39.768902,YAWN_ALARM
2025-12-08T17:35:39.813249,YAWN_ALARM
2025-12-08T17:35:39.864263,YAWN_ALARM
2025-12-08T17:35:39.922920,YAWN_ALARM
2025-12-08T17:35:39.973261,YAWN_ALARM
2025-12-08T17:35:40.018284,YAWN_ALARM
2025-12-08T17:35:40.063459,YAWN_ALARM
2025-12-08T17:35:40.109294,YAWN_ALARM
2025-12-08T17:35:40.151795,YAWN_ALARM
2025-12-08T17:35:40.203485,YAWN_ALARM
2025-12-08T17:35:40.845806,EYE_CLOSED_ALARM
2025-12-08T17:35:40.889908,EYE_CLOSED_ALARM
2025-12-08T17:35:40.935140,EYE_CLOSED_ALARM
2025-12-08T17:35:40.985762,EYE_CLOSED_ALARM
2025-12-08T17:35:41.030594,EYE_CLOSED_ALARM
2025-12-08T17:35:41.075375,EYE_CLOSED_ALARM
2025-12-08T17:35:41.123038,EYE_CLOSED_ALARM
2025-12-08T17:35:41.165188,EYE_CLOSED_ALARM
2025-12-08T17:35:41.211917,EYE_CLOSED_ALARM
2025-12-08T17:35:42.472006,YAWN_WARNING
2025-12-08T17:35:42.519190,YAWN_WARNING
2025-12-08T17:35:42.565645,YAWN_WARNING
2025-12-08T17:35:42.613307,YAWN_WARNING
2025-12-08T17:35:42.662311,YAWN_WARNING
2025-12-08T17:35:42.706593,YAWN_WARNING
2025-12-08T17:35:42.752535,YAWN_WARNING
2025-12-08T17:35:42.795694,YAWN_WARNING
